<?xml version="1.0" encoding="UTF-8"?>
<project-private xmlns="http://www.netbeans.org/ns/project-private/1">
    <editor-bookmarks xmlns="http://www.netbeans.org/ns/editor-bookmarks/2" lastBookmarkId="0"/>
    <open-files xmlns="http://www.netbeans.org/ns/projectui-open-files/2">
        <group>
            <file>file:/C:/xampp/htdocs/PrintEase/postLoginPage.php</file>
            <file>file:/C:/xampp/htdocs/PrintEase/imageUpload_script.php</file>
            <file>file:/C:/xampp/htdocs/PrintEase/login.php</file>
            <file>file:/C:/xampp/htdocs/PrintEase/download.php</file>
            <file>file:/C:/xampp/htdocs/PrintEase/signup.php</file>
            <file>file:/C:/xampp/htdocs/PrintEase/delete.php</file>
        </group>
    </open-files>
</project-private>
